slug,title,category,description,city,goal,budget
tokyo-language-school-under-600k,Tokyo Language Schools Under ¥600,000 (Annual),Budget Guide,Compare affordable Tokyo language schools and realistic yearly tuition expectations.,Tokyo,language school,low
osaka-language-school-with-dormitory,Osaka Language Schools With Dormitory Options,Dormitory Guide,Find Osaka schools that are easier to start with student housing.,Osaka,language school,medium
kyoto-language-school-university-prep,Kyoto Language Schools for University Prep,EJU Prep,Choose Kyoto programs with strong EJU and progression support.,Kyoto,university prep,medium
nagoya-language-school-part-time-friendly,Nagoya Language Schools Friendly for Part-Time Work,Student Life,Find schools in Nagoya with access to part-time job areas and transit.,Nagoya,part-time balance,low
fukuoka-language-school-cheap-living,Fukuoka Language Schools for Lower Living Costs,Regional Choice,Explore Fukuoka options for lower rent and practical student budgets.,Fukuoka,cost optimization,low
tokyo-university-english-programs,Tokyo Universities With English-Taught Programs,University Guide,Review Tokyo universities where international students can start in English.,Tokyo,university admission,medium
osaka-university-global-business,Osaka Universities for Global Business Students,University Guide,Compare Osaka university options for business and international careers.,Osaka,career path,medium
japan-language-school-short-term-3months,Best 3-Month Short-Term Language Schools in Japan,Short-Term,Find strong short-term Japanese programs for exchange and trial students.,Nationwide,short-term program,medium
japan-language-school-beginner-friendly,Beginner-Friendly Language Schools in Japan,Beginner Guide,Identify schools with strong beginner onboarding and support systems.,Nationwide,starter program,medium
japan-language-school-jlpt-n2-track,Japanese Schools With JLPT N2 Fast-Track Plans,JLPT Guide,Find schools with structured JLPT N2-oriented curriculum and pacing.,Nationwide,jlpt target,medium
tokyo-school-near-yamanote,Tokyo Language Schools Near Yamanote Line,Location Guide,Choose schools with easier commuting access around central Tokyo.,Tokyo,commute convenience,medium
osaka-school-near-namba,Osaka Language Schools Near Namba/Umeda,Location Guide,Find Osaka schools in high-access districts for study and jobs.,Osaka,commute convenience,medium
japan-dormitory-vs-sharehouse-students,Dormitory vs Share House in Japan (Students),Housing Guide,Decide between dormitory and share house by budget and lifestyle.,Nationwide,housing decision,low
japan-student-monthly-cost-by-city,Japan Student Monthly Cost by City (2026),Cost Guide,Estimate monthly student spending in major Japanese cities.,Nationwide,budget planning,low
eju-prep-schools-in-tokyo,EJU Prep Schools in Tokyo: What to Compare,EJU Prep,Understand which factors actually matter for EJU-track schools.,Tokyo,eju planning,medium
art-design-schools-in-japan-international,Art & Design Schools in Japan for International Students,Specialized Track,Explore practical school options for art and design-focused students.,Nationwide,specialized major,medium
it-tech-university-path-japan,IT/Tech University Path in Japan for Foreign Students,Career Track,Plan language school to IT university pathway with realistic milestones.,Nationwide,tech pathway,medium
regional-japan-study-vs-tokyo,Regional Japan Study vs Tokyo: Which Is Better?,Decision Guide,Compare regional cities and Tokyo for tuition, rent, and opportunities.,Nationwide,city decision,low
women-friendly-study-options-japan,Women-Friendly Study Options in Japan (Campus & Housing),Safety Guide,Check practical safety and housing filters for women students.,Nationwide,safety planning,medium
scholarship-ready-school-selection-japan,How to Choose Schools in Japan for Scholarship Chances,Scholarship Guide,Select schools and timelines that align with scholarship strategy.,Nationwide,scholarship,medium
